"gene","log2FC","pval"
"ENSG00000241945",-3.02696704760027,0.0046223706636878
"ENSG00000279104",-5.20945336562895,0.0210896104388859
